Device Name,NDG,IP address
Bradley,Morbi Tristique Institute,6
Scott,Vitae Orci Corp.,10
Finn,Lacus Foundation,8
Ishmael,Tortor Integer Institute,4
Xavier,Nunc Sed LLP,9
Xavier,Libero Et Tristique Institute,2
Deacon,Pede Praesent Eu Incorporated,10
Aquila,Tincidunt Industries,10
Kane,Pellentesque Sed Dictum Consulting,3
Keefe,Felis Corporation,2
Bevis,Magna Duis Inc.,3
Melvin,Aliquet Odio Etiam Limited,9
Alan,Nec Euismod Incorporated,3
Aaron,Inceptos Hymenaeos LLC,3
Joshua,Eu Arcu Morbi Corp.,1
Burton,At LLP,6
Robert,Nec Orci Limited,8
Stuart,Vitae Nibh Donec Foundation,10
Brian,Vel Pede Blandit Consulting,1
Jerome,A Aliquet Corp.,5
Mufutau,Commodo Consulting,4
Travis,Donec Tincidunt Foundation,3
Zeph,Ridiculus Mus Proin PC,6
Aidan,Libero Nec Industries,3
Axel,Adipiscing Lobortis Limited,6
Beau,Quis Turpis Vitae Institute,4
Hop,Mauris Industries,1
Brenden,Eu LLP,10
George,Egestas A LLP,7
Malik,Non Associates,7
Orson,Ut Tincidunt Vehicula LLC,6
Cyrus,Molestie Dapibus Ligula Limited,1
Dillon,Dis Parturient LLC,4
Samuel,Euismod Ltd,6
Eaton,Tellus Phasellus Industries,2
Malachi,Ut LLC,4
Jacob,Ante Lectus Incorporated,3
Malcolm,Vulputate Ullamcorper Magna Corp.,8
Walker,Vivamus Institute,10
Graham,Sodales At Velit Associates,6
Hakeem,Sed Facilisis Vitae Ltd,6
Bevis,Lacinia Orci LLC,6
Rafael,Vestibulum Foundation,5
Cairo,Vestibulum Accumsan Neque PC,8
Jason,Augue Corporation,1
Herman,Luctus Vulputate Foundation,10
Scott,Duis Gravida Praesent LLP,3
Aaron,A Malesuada LLP,9
Harrison,Vitae LLP,7
Hyatt,Adipiscing Incorporated,8
Barry,Ac Ipsum Phasellus Inc.,3
Honorato,Nisi Ltd,2
Eaton,Lacus Cras Interdum LLC,4
Ali,Ornare Sagittis Felis Institute,3
Lee,Donec Company,6
Warren,Est Corporation,3
Jonah,Pharetra Ut Foundation,5
Melvin,Penatibus Et Magnis PC,3
Mufutau,Nibh Dolor Inc.,6
Vaughan,Dolor Fusce Feugiat Corporation,8
Gannon,Mus Ltd,4
Bevis,Rutrum Eu Ultrices Corp.,7
Damon,Vulputate Mauris Sagittis Consulting,3
Dolan,Ligula Ltd,6
Magee,Mi Tempor Corporation,10
Lester,Interdum Incorporated,10
Samuel,Convallis Erat PC,6
Chandler,Sit Corporation,6
Grady,Fermentum Foundation,8
Ronan,Ante Dictum Inc.,7
Kenneth,Tortor Associates,6
Griffin,Nulla Integer Vulputate Ltd,10
Dylan,Est Ac LLC,7
Christopher,Urna LLP,5
Wayne,Nulla Eu Neque Corporation,9
Jerome,Non Limited,9
Wesley,Proin Nisl Foundation,2
Guy,Auctor Vitae Aliquet Incorporated,4
Marshall,Ornare In Faucibus Limited,6
Basil,Gravida Praesent Inc.,4
Carlos,Dui Inc.,6
Laith,Eget Lacus Mauris Incorporated,9
Ivan,Dolor Company,1
Matthew,Elementum Dui Corp.,6
Rooney,A Felis LLC,3
Stone,Ut Limited,4
Allen,Nunc Limited,4
Paul,Aliquet Ltd,9
Castor,Vitae Consulting,7
Rogan,Vulputate PC,1
Peter,Dictum Associates,3
Nicholas,A LLC,4
Zahir,Donec Company,5
August,Aliquet Limited,10
Alden,Egestas Ligula Nullam Limited,3
Donovan,Cras Interdum Company,4
Joseph,Libero PC,6
Bernard,In Molestie Tortor Foundation,10
Cyrus,Adipiscing Inc.,4
Trey,Smith,12